Handle,Title,Body (HTML),Vendor,Type,Tags,Published,Option1 Name,Option1 Value,Variant Price,Image Src
nkosi-prides,Nkosi | Prides,Premium sneakers featuring the Nkosi eye design.,Nkosi,Shoes,,TRUE,Size,7,120.00,img/shop/shoes/nkosi_pride_shoes.jpg
nkosi-prides,Nkosi | Prides,Premium sneakers featuring the Nkosi eye design.,Nkosi,Shoes,,TRUE,Size,8,120.00,img/shop/shoes/nkosi_pride_shoes.jpg
nkosi-prides,Nkosi | Prides,Premium sneakers featuring the Nkosi eye design.,Nkosi,Shoes,,TRUE,Size,9,120.00,img/shop/shoes/nkosi_pride_shoes.jpg
nkosi-prides,Nkosi | Prides,Premium sneakers featuring the Nkosi eye design.,Nkosi,Shoes,,TRUE,Size,10,120.00,img/shop/shoes/nkosi_pride_shoes.jpg
nkosi-prides,Nkosi | Prides,Premium sneakers featuring the Nkosi eye design.,Nkosi,Shoes,,TRUE,Size,11,120.00,img/shop/shoes/nkosi_pride_shoes.jpg
nkosi-prides,Nkosi | Prides,Premium sneakers featuring the Nkosi eye design.,Nkosi,Shoes,,TRUE,Size,12,120.00,img/shop/shoes/nkosi_pride_shoes.jpg
nkosi-prides,Nkosi | Prides,Premium sneakers featuring the Nkosi eye design.,Nkosi,Shoes,,TRUE,Size,13,120.00,img/shop/shoes/nkosi_pride_shoes.jpg
nkosi-onyx,Nkosi | Onyx,Premium sneakers featuring the Nkosi eye design.,Nkosi,Shoes,,TRUE,Size,7,120.00,img/shop/shoes/nkosi_onyx_shoes.jpg
nkosi-onyx,Nkosi | Onyx,Premium sneakers featuring the Nkosi eye design.,Nkosi,Shoes,,TRUE,Size,8,120.00,img/shop/shoes/nkosi_onyx_shoes.jpg
nkosi-onyx,Nkosi | Onyx,Premium sneakers featuring the Nkosi eye design.,Nkosi,Shoes,,TRUE,Size,9,120.00,img/shop/shoes/nkosi_onyx_shoes.jpg
nkosi-onyx,Nkosi | Onyx,Premium sneakers featuring the Nkosi eye design.,Nkosi,Shoes,,TRUE,Size,10,120.00,img/shop/shoes/nkosi_onyx_shoes.jpg
nkosi-onyx,Nkosi | Onyx,Premium sneakers featuring the Nkosi eye design.,Nkosi,Shoes,,TRUE,Size,11,120.00,img/shop/shoes/nkosi_onyx_shoes.jpg
nkosi-onyx,Nkosi | Onyx,Premium sneakers featuring the Nkosi eye design.,Nkosi,Shoes,,TRUE,Size,12,120.00,img/shop/shoes/nkosi_onyx_shoes.jpg
nkosi-onyx,Nkosi | Onyx,Premium sneakers featuring the Nkosi eye design.,Nkosi,Shoes,,TRUE,Size,13,120.00,img/shop/shoes/nkosi_onyx_shoes.jpg
shirt-malcolm-black,Revolutionary | Malcolm X,Classic black Malcolm X shirt with bold revolutionary design.,Nkosi,Shirts,,TRUE,Size,S,25.00,img/shop/shirts/shirt_black.png
shirt-malcolm-black,Revolutionary | Malcolm X,Classic black Malcolm X shirt with bold revolutionary design.,Nkosi,Shirts,,TRUE,Size,M,25.00,img/shop/shirts/shirt_black.png
shirt-malcolm-black,Revolutionary | Malcolm X,Classic black Malcolm X shirt with bold revolutionary design.,Nkosi,Shirts,,TRUE,Size,L,25.00,img/shop/shirts/shirt_black.png
shirt-malcolm-black,Revolutionary | Malcolm X,Classic black Malcolm X shirt with bold revolutionary design.,Nkosi,Shirts,,TRUE,Size,XL,25.00,img/shop/shirts/shirt_black.png
shirt-malcolm-black,Revolutionary | Malcolm X,Classic black Malcolm X shirt with bold revolutionary design.,Nkosi,Shirts,,TRUE,Size,2XL,25.00,img/shop/shirts/shirt_black.png
shirt-pharaoh-gold,Revolutionary | Pharaoh,Gold Pharaoh shirt inspired by ancient power and modern pride.,Nkosi,Shirts,,TRUE,Size,S,25.00,img/shop/shirts/shirt_brown.png
shirt-pharaoh-gold,Revolutionary | Pharaoh,Gold Pharaoh shirt inspired by ancient power and modern pride.,Nkosi,Shirts,,TRUE,Size,M,25.00,img/shop/shirts/shirt_brown.png
shirt-pharaoh-gold,Revolutionary | Pharaoh,Gold Pharaoh shirt inspired by ancient power and modern pride.,Nkosi,Shirts,,TRUE,Size,L,25.00,img/shop/shirts/shirt_brown.png
shirt-pharaoh-gold,Revolutionary | Pharaoh,Gold Pharaoh shirt inspired by ancient power and modern pride.,Nkosi,Shirts,,TRUE,Size,XL,25.00,img/shop/shirts/shirt_brown.png
shirt-pharaoh-gold,Revolutionary | Pharaoh,Gold Pharaoh shirt inspired by ancient power and modern pride.,Nkosi,Shirts,,TRUE,Size,2XL,25.00,img/shop/shirts/shirt_brown.png
shirt-haile-grey,Revolutionary | Haile Selassie,Grey tee featuring Haile Selassie design in tribute to legacy and leadership.,Nkosi,Shirts,,TRUE,Size,S,25.00,img/shop/shirts/shirt_grey.png
shirt-haile-grey,Revolutionary | Haile Selassie,Grey tee featuring Haile Selassie design in tribute to legacy and leadership.,Nkosi,Shirts,,TRUE,Size,M,25.00,img/shop/shirts/shirt_grey.png
shirt-haile-grey,Revolutionary | Haile Selassie,Grey tee featuring Haile Selassie design in tribute to legacy and leadership.,Nkosi,Shirts,,TRUE,Size,L,25.00,img/shop/shirts/shirt_grey.png
shirt-haile-grey,Revolutionary | Haile Selassie,Grey tee featuring Haile Selassie design in tribute to legacy and leadership.,Nkosi,Shirts,,TRUE,Size,XL,25.00,img/shop/shirts/shirt_grey.png
shirt-haile-grey,Revolutionary | Haile Selassie,Grey tee featuring Haile Selassie design in tribute to legacy and leadership.,Nkosi,Shirts,,TRUE,Size,2XL,25.00,img/shop/shirts/shirt_grey.png
shirt-ali-white,Revolutionary | Ali,"White shirt honoring Muhammad Ali, the people's champion.",Nkosi,Shirts,,TRUE,Size,S,25.00,img/shop/shirts/shirt_white.png
shirt-ali-white,Revolutionary | Ali,"White shirt honoring Muhammad Ali, the people's champion.",Nkosi,Shirts,,TRUE,Size,M,25.00,img/shop/shirts/shirt_white.png
shirt-ali-white,Revolutionary | Ali,"White shirt honoring Muhammad Ali, the people's champion.",Nkosi,Shirts,,TRUE,Size,L,25.00,img/shop/shirts/shirt_white.png
shirt-ali-white,Revolutionary | Ali,"White shirt honoring Muhammad Ali, the people's champion.",Nkosi,Shirts,,TRUE,Size,XL,25.00,img/shop/shirts/shirt_white.png
shirt-ali-white,Revolutionary | Ali,"White shirt honoring Muhammad Ali, the people's champion.",Nkosi,Shirts,,TRUE,Size,2XL,25.00,img/shop/shirts/shirt_white.png
shirt-garvey-black,Revolutionary | Marcus Garvey,Black tee celebrating Marcus Garvey and the movement of empowerment.,Nkosi,Shirts,,TRUE,Size,S,25.00,img/shop/shirts/shirt_black2.png
shirt-garvey-black,Revolutionary | Marcus Garvey,Black tee celebrating Marcus Garvey and the movement of empowerment.,Nkosi,Shirts,,TRUE,Size,M,25.00,img/shop/shirts/shirt_black2.png
shirt-garvey-black,Revolutionary | Marcus Garvey,Black tee celebrating Marcus Garvey and the movement of empowerment.,Nkosi,Shirts,,TRUE,Size,L,25.00,img/shop/shirts/shirt_black2.png
shirt-garvey-black,Revolutionary | Marcus Garvey,Black tee celebrating Marcus Garvey and the movement of empowerment.,Nkosi,Shirts,,TRUE,Size,XL,25.00,img/shop/shirts/shirt_black2.png
shirt-garvey-black,Revolutionary | Marcus Garvey,Black tee celebrating Marcus Garvey and the movement of empowerment.,Nkosi,Shirts,,TRUE,Size,2XL,25.00,img/shop/shirts/shirt_black2.png
shirt-khalid-red,Revolutionary | Khalid Abdul,Red shirt honoring Khalid Abdul Muhammad's powerful message.,Nkosi,Shirts,,TRUE,Size,S,25.00,img/shop/shirts/shirt_red.png
shirt-khalid-red,Revolutionary | Khalid Abdul,Red shirt honoring Khalid Abdul Muhammad's powerful message.,Nkosi,Shirts,,TRUE,Size,M,25.00,img/shop/shirts/shirt_red.png
shirt-khalid-red,Revolutionary | Khalid Abdul,Red shirt honoring Khalid Abdul Muhammad's powerful message.,Nkosi,Shirts,,TRUE,Size,L,25.00,img/shop/shirts/shirt_red.png
shirt-khalid-red,Revolutionary | Khalid Abdul,Red shirt honoring Khalid Abdul Muhammad's powerful message.,Nkosi,Shirts,,TRUE,Size,XL,25.00,img/shop/shirts/shirt_red.png
shirt-khalid-red,Revolutionary | Khalid Abdul,Red shirt honoring Khalid Abdul Muhammad's powerful message.,Nkosi,Shirts,,TRUE,Size,2XL,25.00,img/shop/shirts/shirt_red.png
shirt-noble-grey,Revolutionary | Noble Drew Ali,Grey shirt paying homage to Noble Drew Ali and the Moorish legacy.,Nkosi,Shirts,,TRUE,Size,S,25.00,img/shop/shirts/shirt_grey2.png
shirt-noble-grey,Revolutionary | Noble Drew Ali,Grey shirt paying homage to Noble Drew Ali and the Moorish legacy.,Nkosi,Shirts,,TRUE,Size,M,25.00,img/shop/shirts/shirt_grey2.png
shirt-noble-grey,Revolutionary | Noble Drew Ali,Grey shirt paying homage to Noble Drew Ali and the Moorish legacy.,Nkosi,Shirts,,TRUE,Size,L,25.00,img/shop/shirts/shirt_grey2.png
shirt-noble-grey,Revolutionary | Noble Drew Ali,Grey shirt paying homage to Noble Drew Ali and the Moorish legacy.,Nkosi,Shirts,,TRUE,Size,XL,25.00,img/shop/shirts/shirt_grey2.png
shirt-noble-grey,Revolutionary | Noble Drew Ali,Grey shirt paying homage to Noble Drew Ali and the Moorish legacy.,Nkosi,Shirts,,TRUE,Size,2XL,25.00,img/shop/shirts/shirt_grey2.png
hoodie-pharaoh-gold,Revolutionary | Pharaoh Hoodie,Gold hoodie featuring Pharaoh artwork and revolutionary spirit.,Nkosi,Hoodies,,TRUE,Size,S,55.00,img/shop/hoodies/hoodie_brown.png
hoodie-pharaoh-gold,Revolutionary | Pharaoh Hoodie,Gold hoodie featuring Pharaoh artwork and revolutionary spirit.,Nkosi,Hoodies,,TRUE,Size,M,55.00,img/shop/hoodies/hoodie_brown.png
hoodie-pharaoh-gold,Revolutionary | Pharaoh Hoodie,Gold hoodie featuring Pharaoh artwork and revolutionary spirit.,Nkosi,Hoodies,,TRUE,Size,L,55.00,img/shop/hoodies/hoodie_brown.png
hoodie-pharaoh-gold,Revolutionary | Pharaoh Hoodie,Gold hoodie featuring Pharaoh artwork and revolutionary spirit.,Nkosi,Hoodies,,TRUE,Size,XL,55.00,img/shop/hoodies/hoodie_brown.png
hoodie-pharaoh-gold,Revolutionary | Pharaoh Hoodie,Gold hoodie featuring Pharaoh artwork and revolutionary spirit.,Nkosi,Hoodies,,TRUE,Size,2XL,55.00,img/shop/hoodies/hoodie_brown.png
hoodie-noble-grey,Revolutionary | Noble Drew Ali Hoodie,"Grey hoodie honoring Noble Drew Ali, symbolizing knowledge and unity.",Nkosi,Hoodies,,TRUE,Size,S,55.00,img/shop/hoodies/hoodie_grey.png
hoodie-noble-grey,Revolutionary | Noble Drew Ali Hoodie,"Grey hoodie honoring Noble Drew Ali, symbolizing knowledge and unity.",Nkosi,Hoodies,,TRUE,Size,M,55.00,img/shop/hoodies/hoodie_grey.png
hoodie-noble-grey,Revolutionary | Noble Drew Ali Hoodie,"Grey hoodie honoring Noble Drew Ali, symbolizing knowledge and unity.",Nkosi,Hoodies,,TRUE,Size,L,55.00,img/shop/hoodies/hoodie_grey.png
hoodie-noble-grey,Revolutionary | Noble Drew Ali Hoodie,"Grey hoodie honoring Noble Drew Ali, symbolizing knowledge and unity.",Nkosi,Hoodies,,TRUE,Size,XL,55.00,img/shop/hoodies/hoodie_grey.png
hoodie-noble-grey,Revolutionary | Noble Drew Ali Hoodie,"Grey hoodie honoring Noble Drew Ali, symbolizing knowledge and unity.",Nkosi,Hoodies,,TRUE,Size,2XL,55.00,img/shop/hoodies/hoodie_grey.png
hoodie-malcolm-black,Revolutionary | Malcolm X Hoodie,Classic black hoodie celebrating Malcolm X and his legacy.,Nkosi,Hoodies,,TRUE,Size,S,55.00,img/shop/hoodies/hoodie_black.png
hoodie-malcolm-black,Revolutionary | Malcolm X Hoodie,Classic black hoodie celebrating Malcolm X and his legacy.,Nkosi,Hoodies,,TRUE,Size,M,55.00,img/shop/hoodies/hoodie_black.png
hoodie-malcolm-black,Revolutionary | Malcolm X Hoodie,Classic black hoodie celebrating Malcolm X and his legacy.,Nkosi,Hoodies,,TRUE,Size,L,55.00,img/shop/hoodies/hoodie_black.png
hoodie-malcolm-black,Revolutionary | Malcolm X Hoodie,Classic black hoodie celebrating Malcolm X and his legacy.,Nkosi,Hoodies,,TRUE,Size,XL,55.00,img/shop/hoodies/hoodie_black.png
hoodie-malcolm-black,Revolutionary | Malcolm X Hoodie,Classic black hoodie celebrating Malcolm X and his legacy.,Nkosi,Hoodies,,TRUE,Size,2XL,55.00,img/shop/hoodies/hoodie_black.png
nkosi-cap-white,Nkosi Snapback Cap,Black and gold Nkosi snapback cap — bold and adjustable.,Nkosi,Caps,,TRUE,Style,Angel White,45.00,img/shop/caps/allcaps.png
nkosi-cap-white,Nkosi Snapback Cap,Black and gold Nkosi snapback cap — bold and adjustable.,Nkosi,Caps,,TRUE,Style,Blue Denim,45.00,img/shop/caps/allcaps.png
nkosi-cap-white,Nkosi Snapback Cap,Black and gold Nkosi snapback cap — bold and adjustable.,Nkosi,Caps,,TRUE,Style,Panther Black,45.00,img/shop/caps/allcaps.png
nkosi-cap-white,Nkosi Snapback Cap,Black and gold Nkosi snapback cap — bold and adjustable.,Nkosi,Caps,,TRUE,Style,Soldier Camo,45.00,img/shop/caps/allcaps.png
